{
  "name": "angular-fullstack",
  "version": "0.0.0",
  "main": "server/index.js",
  "dependencies": {
    "core-js": "^2.4.1",
    "cors": "^2.8.1",
    "express": "^4.13.3",
    "morgan": "~1.7.0",
    "body-parser": "^1.13.3",
    "method-override": "^2.3.5",
    "cookie-parser": "^1.3.5",
    "express-session": "^1.11.3",
    "errorhandler": "^1.4.2",
    "composable-middleware": "^0.3.0",
    "fast-json-patch": "^1.0.0",
    "lodash": "^4.6.1",
    "lusca": "^1.4.1",
    "babel-core": "^6.18.2",
    "babel-plugin-angular2-annotations": "^5.1.0",
    "babel-plugin-transform-decorators-legacy": "^1.3.4",
    "babel-plugin-transform-runtime": "^6.6.0",
    "babel-polyfill": "^6.16.0",
    "babel-preset-es2015": "^6.18.0",
    "babel-preset-es2016": "^6.16.0",
    "babel-preset-es2017": "^6.16.0",
    "babel-preset-stage-0": "^6.16.0",
    "babel-runtime": "^6.18.0",
    "pug": "2.0.0-beta6",
    "mongoose": "^4.1.2",
    "bluebird": "^3.3.3",
    "connect-mongo": "^1.2.1",
    "jsonwebtoken": "^7.0.0",
    "express-jwt": "^5.0.0",
    "passport": "~0.3.0",
    "passport-local": "^1.0.0",
    "passport-facebook": "^2.0.0",
    "passport-twitter": "^1.0.3",
    "passport-google-oauth20": "^1.0.0",
    "socket.io": "^1.3.5",
    "socket.io-client": "^1.3.5",
    "socketio-jwt": "^4.2.0",
    "serve-favicon": "^2.3.0",
    "shrink-ray": "^0.1.3"
  },
  "devDependencies": {
    "@angular/common": "^2.3.0",
    "@angular/compiler": "^2.3.0",
    "@angular/core": "^2.3.0",
    "@angular/forms": "^2.3.0",
    "@angular/http": "^2.3.0",
    "@angular/platform-browser": "^2.3.0",
    "@angular/platform-browser-dynamic": "^2.3.0",
    "@angularclass/hmr": "^1.2.1",
    "@angularclass/match-control": "^2.0.0",
    "angular-validation-match": "^1.9.0",
    "angular2-jwt": "^0.1.24",
    "angular2-universal": "2.1.0-rc.1",
    "autoprefixer": "^6.0.0",
    "awesome-typescript-loader": "^0.17.0",
    "babel-core": "^6.6.5",
    "babel-eslint": "^6.0.4",
    "babel-loader": "^6.2.4",
    "babel-plugin-transform-class-properties": "^6.6.0",
    "babel-plugin-transform-runtime": "^6.6.0",
    "babel-preset-es2015": "^6.6.0",
    "babel-register": "^6.16.0",
    "bootstrap": "~3.3.7",
    "bootstrap-sass": "~3.3.7",
    "bootstrap-social": "^5.1.1",
    "browser-sync": "^2.8.0",
    "bs-fullscreen-message": "^1.0.0",
    "chai": "^3.2.0",
    "chai-as-promised": "^5.1.0",
    "chai-things": "^0.2.0",
    "css-loader": "^0.24.0",
    "del": "^2.0.2",
    "es6-shim": "^0.35.3",
    "eslint": "^2.12.0",
    "extract-text-webpack-plugin": "^1.0.1",
    "file-loader": "^0.9.0",
    "flow-bin": "^0.45.0",
    "font-awesome": ">=4.1.0",
    "grunt": "^1.0.1",
    "grunt-build-control": "^0.7.0",
    "gulp": "^3.9.1",
    "gulp-babel": "^6.1.2",
    "gulp-env": "^0.4.0",
    "gulp-eslint": "^2.0.0",
    "gulp-ignore": "^2.0.2",
    "gulp-imagemin": "^3.0.1",
    "gulp-inject": "^4.0.0",
    "gulp-istanbul": "^1.1.1",
    "gulp-istanbul-enforcer": "^1.0.3",
    "gulp-load-plugins": "^1.5.0",
    "gulp-mocha": "^2.1.3",
    "gulp-plumber": "^1.0.1",
    "gulp-protractor": "^3.0.0",
    "gulp-rev": "^7.0.0",
    "gulp-rev-replace": "^0.4.2",
    "gulp-sort": "^2.0.0",
    "gulp-sourcemaps": "^1.5.2",
    "gulp-stylint": "^3.0.0",
    "gulp-tslint": "^5.0.0",
    "gulp-typescript": "~2.13.0",
    "gulp-typings": "^2.0.4",
    "gulp-util": "^3.0.5",
    "gulp-watch": "^4.3.5",
    "html-webpack-harddisk-plugin": "~0.0.2",
    "html-webpack-plugin": "^2.16.0",
    "imports-loader": "^0.6.5",
    "isparta": "^4.0.0",
    "isparta-instrumenter-loader": "^1.0.0",
    "isparta-loader": "^2.0.0",
    "istanbul": "1.1.0-alpha.1",
    "istanbul-instrumenter-loader": "^0.2.0",
    "karma": "~0.13.3",
    "karma-chai-plugins": "~0.7.0",
    "karma-chrome-launcher": "^2.0.0",
    "karma-coverage": "^1.0.0",
    "karma-firefox-launcher": "^1.0.0",
    "karma-mocha": "^1.0.1",
    "karma-phantomjs-launcher": "~1.0.0",
    "karma-script-launcher": "^1.0.0",
    "karma-sourcemap-loader": "~0.3.7",
    "karma-spec-reporter": "~0.0.20",
    "karma-webpack": "^1.7.0",
    "lazypipe": "^1.0.1",
    "lodash-es": "^4.17.4",
    "mocha": "^3.0.2",
    "ng-annotate-loader": "~0.1.0",
    "ng2-bootstrap": "~1.1.16",
    "node-sass": "^3.8.0",
    "nodemon": "^1.3.7",
    "null-loader": "^0.1.1",
    "open": "~0.0.4",
    "phantomjs-prebuilt": "^2.1.4",
    "postcss-loader": "^0.11.1",
    "proxyquire": "^1.0.1",
    "pug-html-loader": "^1.0.8",
    "raw-loader": "^0.5.1",
    "reflect-metadata": "^0.1.3",
    "run-sequence": "^1.1.0",
    "rxjs": "^5.3.0",
    "sass-loader": "^4.0.1",
    "sinon": "^1.16.1",
    "sinon-chai": "^2.8.0",
    "strip-ansi": "^3.0.1",
    "style-loader": "^0.13.0",
    "supertest": "^1.1.0",
    "through2": "^2.0.1",
    "ts-helpers": "1.1.1",
    "tslint": "^3.5.0",
    "typings": "^2.1.1",
    "ui-router-ng2": "^1.0.0-beta.3",
    "webpack": "^1.12.14",
    "webpack-dev-middleware": "^1.5.1",
    "webpack-stream": "^3.2.0"
  },
  "engines": {
    "node": "^7.4.0",
    "npm": "^4.0.5"
  },
  "scripts": {
    "test": "gulp test",
    "postinstall": "./node_modules/.bin/typings install",
    "update-webdriver": "node node_modules/protractor/bin/webdriver-manager update",
    "start": "node server",
    "dev": "gulp serve"
  },
  "private": true
}
