{
  "globalDependencies": {
    "angular": "registry:dt/angular#1.5.0+20160412133217",
    "angular-resource": "registry:dt/angular-resource#1.5.0+20160613142217",
    "jquery": "github:DefinitelyTyped/DefinitelyTyped/jquery/jquery.d.ts#40c60850ad6c8175a62d5ab48c4e016ea5b3dffe",
    "lodash": "github:DefinitelyTyped/DefinitelyTyped/lodash/lodash.d.ts#40c60850ad6c8175a62d5ab48c4e016ea5b3dffe",
    "socket.io-client": "github:DefinitelyTyped/DefinitelyTyped/socket.io-client/socket.io-client.d.ts#40c60850ad6c8175a62d5ab48c4e016ea5b3dffe",
    "core-js": "registry:dt/core-js#0.0.0+20160317120654",
    "node": "github:DefinitelyTyped/DefinitelyTyped/node/node.d.ts#8cf8164641be73e8f1e652c2a5b967c7210b6729",
    "webpack": "github:DefinitelyTyped/DefinitelyTyped/webpack/webpack.d.ts#95c02169ba8fa58ac1092422efbd2e3174a206f4",
    "es6-shim": "registry:dt/es6-shim#0.31.2+20160726072212"
  },
  "globalDevDependencies": {
    "selenium-webdriver": "github:DefinitelyTyped/DefinitelyTyped/selenium-webdriver/selenium-webdriver.d.ts#40c60850ad6c8175a62d5ab48c4e016ea5b3dffe",
    "mocha": "github:DefinitelyTyped/DefinitelyTyped/mocha/mocha.d.ts#40c60850ad6c8175a62d5ab48c4e016ea5b3dffe",
    "chai": "github:DefinitelyTyped/DefinitelyTyped/chai/chai.d.ts#40c60850ad6c8175a62d5ab48c4e016ea5b3dffe",
    "assertion-error": "github:DefinitelyTyped/DefinitelyTyped/assertion-error/assertion-error.d.ts#40c60850ad6c8175a62d5ab48c4e016ea5b3dffe",
    "sinon": "github:DefinitelyTyped/DefinitelyTyped/sinon/sinon.d.ts#40c60850ad6c8175a62d5ab48c4e016ea5b3dffe",
    "sinon-chai": "github:DefinitelyTyped/DefinitelyTyped/sinon-chai/sinon-chai.d.ts#40c60850ad6c8175a62d5ab48c4e016ea5b3dffe"
  }
}
